decision_id,location,title,date,company,decision,extras,tag
DRN-4767692,decision/DRN-4767692.pdf,Decision Reference DRN-4767692,4 Jun 2024,ReAssure Limited,Not upheld,,Insurance
DRN-4773594,decision/DRN-4773594.pdf,Decision Reference DRN-4773594,4 Jun 2024,Fairmead Insurance Limited,Upheld,,Insurance
DRN-4783170,decision/DRN-4783170.pdf,Decision Reference DRN-4783170,4 Jun 2024,Admiral Insurance (Gibraltar) Limited,Not upheld,,Insurance
DRN-4790560,decision/DRN-4790560.pdf,Decision Reference DRN-4790560,4 Jun 2024,Advantage Insurance Company Limited,Not upheld,,Insurance
DRN-4722145,decision/DRN-4722145.pdf,Decision Reference DRN-4722145,4 Jun 2024,AWP P&C S.A.,Not upheld,,Insurance
DRN-4788085,decision/DRN-4788085.pdf,Decision Reference DRN-4788085,4 Jun 2024,Lloyds Bank General Insurance Limited,Not upheld,,Insurance
DRN-4721258,decision/DRN-4721258.pdf,Decision Reference DRN-4721258,4 Jun 2024,AA Underwriting Insurance Company Limited,Not upheld,,Insurance
DRN-4798353,decision/DRN-4798353.pdf,Decision Reference DRN-4798353,4 Jun 2024,AXA Insurance UK Plc,Not upheld,,Insurance
DRN-4659060,decision/DRN-4659060.pdf,Decision Reference DRN-4659060,4 Jun 2024,Zurich Insurance PLC,Not upheld,,Insurance
DRN-4807995,decision/DRN-4807995.pdf,Decision Reference DRN-4807995,4 Jun 2024,Acasta European Insurance Company Limited,Not upheld,,Insurance
DRN-4819448,decision/DRN-4819448.pdf,Decision Reference DRN-4819448,4 Jun 2024,AWP P&C S.A.,Upheld,,Insurance
DRN-4716789,decision/DRN-4716789.pdf,Decision Reference DRN-4716789,4 Jun 2024,Aioi Nissay Dowa Insurance UK Limited,Not upheld,,Insurance
DRN-4830148,decision/DRN-4830148.pdf,Decision Reference DRN-4830148,4 Jun 2024,ReAssure Life Limited,Upheld,,Insurance
DRN-4712473,decision/DRN-4712473.pdf,Decision Reference DRN-4712473,4 Jun 2024,Admiral Insurance (Gibraltar) Limited,Not upheld,,Insurance
DRN-4830669,decision/DRN-4830669.pdf,Decision Reference DRN-4830669,4 Jun 2024,Accredited Insurance (Europe) Ltd,Upheld,,Insurance
DRN-4822045,decision/DRN-4822045.pdf,Decision Reference DRN-4822045,3 Jun 2024,Harwoods Limited,Not upheld,,Insurance
DRN-4830909,decision/DRN-4830909.pdf,Decision Reference DRN-4830909,3 Jun 2024,Admiral Insurance (Gibraltar) Limited,Upheld,,Insurance
DRN-4798553,decision/DRN-4798553.pdf,Decision Reference DRN-4798553,3 Jun 2024,Suttons Independent Financial Advisers Limited,Not upheld,,Insurance
DRN-4827921,decision/DRN-4827921.pdf,Decision Reference DRN-4827921,3 Jun 2024,Zurich Insurance PLC,Upheld,,Insurance
DRN-4806789,decision/DRN-4806789.pdf,Decision Reference DRN-4806789,3 Jun 2024,DAS Legal Expenses Insurance Company Limited,Not upheld,,Insurance
DRN-4803624,decision/DRN-4803624.pdf,Decision Reference DRN-4803624,3 Jun 2024,Barclays Insurance Services Company Limited,Upheld,,Insurance
DRN-4776524,decision/DRN-4776524.pdf,Decision Reference DRN-4776524,3 Jun 2024,Starr International (Europe) Limited,Not upheld,,Insurance
DRN-4794326,decision/DRN-4794326.pdf,Decision Reference DRN-4794326,3 Jun 2024,esure Insurance Limited,Upheld,,Insurance
DRN-4825829,decision/DRN-4825829.pdf,Decision Reference DRN-4825829,3 Jun 2024,Admiral Insurance (Gibraltar) Limited,Upheld,,Insurance
DRN-4723278,decision/DRN-4723278.pdf,Decision Reference DRN-4723278,3 Jun 2024,U K Insurance Limited,Not upheld,,Insurance
DRN-4764535,decision/DRN-4764535.pdf,Decision Reference DRN-4764535,3 Jun 2024,Wakam,Upheld,,Insurance
DRN-4720385,decision/DRN-4720385.pdf,Decision Reference DRN-4720385,3 Jun 2024,Aviva Insurance Limited,Not upheld,,Insurance
DRN-4770580,decision/DRN-4770580.pdf,Decision Reference DRN-4770580,3 Jun 2024,Liverpool Victoria Insurance Company Limited,Upheld,,Insurance
DRN-4716402,decision/DRN-4716402.pdf,Decision Reference DRN-4716402,3 Jun 2024,West Bay Insurance Plc,Not upheld,,Insurance
DRN-4718059,decision/DRN-4718059.pdf,Decision Reference DRN-4718059,3 Jun 2024,Ageas Insurance Limited,Upheld,,Insurance
DRN-4716829,decision/DRN-4716829.pdf,Decision Reference DRN-4716829,3 Jun 2024,U K Insurance Limited,Not upheld,,Insurance
DRN-4764437,decision/DRN-4764437.pdf,Decision Reference DRN-4764437,3 Jun 2024,Covea Insurance plc,Not upheld,,Insurance
DRN-4829449,decision/DRN-4829449.pdf,Decision Reference DRN-4829449,3 Jun 2024,Admiral Insurance (Gibraltar) Limited,Upheld,,Insurance
DRN-4713594,decision/DRN-4713594.pdf,Decision Reference DRN-4713594,2 Jun 2024,Advantage Insurance Company Limited,Upheld,,Insurance
DRN-4829169,decision/DRN-4829169.pdf,Decision Reference DRN-4829169,1 Jun 2024,esure Insurance Limited,Upheld,,Insurance
DRN-4728910,decision/DRN-4728910.pdf,Decision Reference DRN-4728910,31 May 2024,Red Sands Insurance Company (Europe) Limited,Not upheld,,Insurance
DRN-4675103,decision/DRN-4675103.pdf,Decision Reference DRN-4675103,31 May 2024,Aviva Insurance Limited,Not upheld,,Insurance
DRN-4783882,decision/DRN-4783882.pdf,Decision Reference DRN-4783882,31 May 2024,Hastings Insurance Services Limited,Not upheld,,Insurance
DRN-4818356,decision/DRN-4818356.pdf,Decision Reference DRN-4818356,31 May 2024,AXA Insurance UK Plc,Upheld,,Insurance
DRN-4677330,decision/DRN-4677330.pdf,Decision Reference DRN-4677330,31 May 2024,Aviva Insurance Limited,Upheld,,Insurance
DRN-4724045,decision/DRN-4724045.pdf,Decision Reference DRN-4724045,31 May 2024,Covea Insurance plc,Not upheld,,Insurance
DRN-4801563,decision/DRN-4801563.pdf,Decision Reference DRN-4801563,31 May 2024,Vitality Life Limited,Not upheld,,Insurance
DRN-4675517,decision/DRN-4675517.pdf,Decision Reference DRN-4675517,31 May 2024,Aviva Insurance Limited,Not upheld,,Insurance
DRN-4705005,decision/DRN-4705005.pdf,Decision Reference DRN-4705005,31 May 2024,Advantage Insurance Company Limited,Upheld,,Insurance
DRN-4706583,decision/DRN-4706583.pdf,Decision Reference DRN-4706583,31 May 2024,St Andrew's Insurance plc,Upheld,,Insurance
DRN-4814181,decision/DRN-4814181.pdf,Decision Reference DRN-4814181,31 May 2024,Aviva Insurance Limited,Not upheld,,Insurance
DRN-4717546,decision/DRN-4717546.pdf,Decision Reference DRN-4717546,31 May 2024,Haven Insurance Company Limited,Upheld,,Insurance
DRN-4746266,decision/DRN-4746266.pdf,Decision Reference DRN-4746266,31 May 2024,Tesco Underwriting Limited,Upheld,,Insurance
DRN-4750561,decision/DRN-4750561.pdf,Decision Reference DRN-4750561,31 May 2024,esure Insurance Limited,Upheld,,Insurance
DRN-4388281,decision/DRN-4388281.pdf,Decision Reference DRN-4388281,31 May 2024,Domestic & General Insurance Plc,Upheld,,Insurance
DRN-4711528,decision/DRN-4711528.pdf,Decision Reference DRN-4711528,31 May 2024,U K Insurance Limited,Not upheld,,Insurance
DRN-4827723,decision/DRN-4827723.pdf,Decision Reference DRN-4827723,31 May 2024,esure Insurance Limited,Upheld,,Insurance
DRN-4818316,decision/DRN-4818316.pdf,Decision Reference DRN-4818316,31 May 2024,Acromas Insurance Company Limited,Upheld,,Insurance
DRN-4415915,decision/DRN-4415915.pdf,Decision Reference DRN-4415915,31 May 2024,AXA Insurance UK Plc,Not upheld,,Insurance
DRN-4709545,decision/DRN-4709545.pdf,Decision Reference DRN-4709545,31 May 2024,Mortgage Advice Bureau Limited,Not upheld,,Insurance
DRN-4781051,decision/DRN-4781051.pdf,Decision Reference DRN-4781051,31 May 2024,AXA Insurance UK Plc,Upheld,,Insurance
DRN-4576293,decision/DRN-4576293.pdf,Decision Reference DRN-4576293,31 May 2024,Royal & Sun Alliance Insurance Limited,Not upheld,,Insurance
DRN-4751358,decision/DRN-4751358.pdf,Decision Reference DRN-4751358,31 May 2024,Advantage Insurance Company Limited,Upheld,,Insurance
DRN-4751377,decision/DRN-4751377.pdf,Decision Reference DRN-4751377,31 May 2024,Admiral Insurance (Gibraltar) Limited,Not upheld,,Insurance
DRN-4624233,decision/DRN-4624233.pdf,Decision Reference DRN-4624233,31 May 2024,Bastion Insurance Company Limited,Upheld,,Insurance
DRN-4821035,decision/DRN-4821035.pdf,Decision Reference DRN-4821035,31 May 2024,AXA Insurance UK Plc,Upheld,,Insurance
DRN-4725689,decision/DRN-4725689.pdf,Decision Reference DRN-4725689,31 May 2024,Admiral Insurance (Gibraltar) Limited,Not upheld,,Insurance
DRN-4824113,decision/DRN-4824113.pdf,Decision Reference DRN-4824113,31 May 2024,POLICY EXCESS INSURE LTD,Not upheld,,Insurance
DRN-4787370,decision/DRN-4787370.pdf,Decision Reference DRN-4787370,30 May 2024,One Insurance Limited,Upheld,,Insurance
DRN-4698021,decision/DRN-4698021.pdf,Decision Reference DRN-4698021,30 May 2024,Aviva Insurance Limited,Not upheld,,Insurance
DRN-4824571,decision/DRN-4824571.pdf,Decision Reference DRN-4824571,30 May 2024,esure Insurance Limited,Upheld,,Insurance
DRN-4626631,decision/DRN-4626631.pdf,Decision Reference DRN-4626631,30 May 2024,Inter Partner Assistance SA,Not upheld,,Insurance
DRN-4737340,decision/DRN-4737340.pdf,Decision Reference DRN-4737340,30 May 2024,Admiral Insurance (Gibraltar) Limited,Upheld,,Insurance
DRN-4712688,decision/DRN-4712688.pdf,Decision Reference DRN-4712688,30 May 2024,Royal & Sun Alliance Insurance Limited,Not upheld,,Insurance
DRN-4698802,decision/DRN-4698802.pdf,Decision Reference DRN-4698802,30 May 2024,Freeway UK Insurance Services Limited,Upheld,,Insurance
DRN-4768830,decision/DRN-4768830.pdf,Decision Reference DRN-4768830,30 May 2024,Scottish Friendly Assurance Society Limited,Not upheld,,Insurance
DRN-4571139,decision/DRN-4571139.pdf,Decision Reference DRN-4571139,30 May 2024,Zurich Insurance PLC,Upheld,,Insurance
DRN-4678726,decision/DRN-4678726.pdf,Decision Reference DRN-4678726,30 May 2024,Ageas Insurance Limited,Not upheld,,Insurance
DRN-4756684,decision/DRN-4756684.pdf,Decision Reference DRN-4756684,30 May 2024,Action 365 Ltd,Not upheld,,Insurance
DRN-4825240,decision/DRN-4825240.pdf,Decision Reference DRN-4825240,30 May 2024,The Benenden Healthcare Society Limited,Not upheld,,Insurance
DRN-4825238,decision/DRN-4825238.pdf,Decision Reference DRN-4825238,30 May 2024,Aviva Insurance Limited,Upheld,,Insurance
DRN-4741819,decision/DRN-4741819.pdf,Decision Reference DRN-4741819,30 May 2024,Lloyds Bank General Insurance Limited,Not upheld,,Insurance
DRN-4769071,decision/DRN-4769071.pdf,Decision Reference DRN-4769071,30 May 2024,Royal & Sun Alliance Insurance Limited,Not upheld,,Insurance
DRN-4739407,decision/DRN-4739407.pdf,Decision Reference DRN-4739407,30 May 2024,Aviva Insurance Limited,Upheld,,Insurance
DRN-4824354,decision/DRN-4824354.pdf,Decision Reference DRN-4824354,30 May 2024,National House-Building Council,Not upheld,,Insurance
DRN-4822709,decision/DRN-4822709.pdf,Decision Reference DRN-4822709,30 May 2024,Society of Lloyd's,Upheld,,Insurance
DRN-4661571,decision/DRN-4661571.pdf,Decision Reference DRN-4661571,30 May 2024,Vitality Health Limited,Not upheld,,Insurance
DRN-4824375,decision/DRN-4824375.pdf,Decision Reference DRN-4824375,30 May 2024,U K Insurance Limited,Upheld,,Insurance
DRN-4808667,decision/DRN-4808667.pdf,Decision Reference DRN-4808667,30 May 2024,Aviva Insurance Limited,Not upheld,,Insurance
DRN-4815033,decision/DRN-4815033.pdf,Decision Reference DRN-4815033,30 May 2024,Bastion Insurance Company Limited,Upheld,,Insurance
DRN-4768488,decision/DRN-4768488.pdf,Decision Reference DRN-4768488,30 May 2024,The National Farmers' Union Mutual Insurance Society Limited,Not upheld,,Insurance
DRN-4715219,decision/DRN-4715219.pdf,Decision Reference DRN-4715219,30 May 2024,Covea Insurance plc,Upheld,,Insurance
DRN-4747853,decision/DRN-4747853.pdf,Decision Reference DRN-4747853,30 May 2024,First Complete Ltd,Not upheld,,Insurance
DRN-4806516,decision/DRN-4806516.pdf,Decision Reference DRN-4806516,30 May 2024,esure Insurance Limited,Upheld,,Insurance
DRN-4763374,decision/DRN-4763374.pdf,Decision Reference DRN-4763374,30 May 2024,Aviva Insurance Limited,Upheld,,Insurance
DRN-4716394,decision/DRN-4716394.pdf,Decision Reference DRN-4716394,29 May 2024,Advantage Insurance Company Limited,Upheld,,Insurance
DRN-4782974,decision/DRN-4782974.pdf,Decision Reference DRN-4782974,29 May 2024,Admiral Insurance (Gibraltar) Limited,Not upheld,,Insurance
DRN-4814234,decision/DRN-4814234.pdf,Decision Reference DRN-4814234,29 May 2024,Vitality Life Limited,Not upheld,,Insurance
DRN-4822563,decision/DRN-4822563.pdf,Decision Reference DRN-4822563,29 May 2024,Casualty & General Insurance Company (Europe) Ltd,Upheld,,Insurance
DRN-4440772,decision/DRN-4440772.pdf,Decision Reference DRN-4440772,29 May 2024,Lloyds Bank General Insurance Limited,Not upheld,,Insurance
DRN-4697759,decision/DRN-4697759.pdf,Decision Reference DRN-4697759,29 May 2024,Covea Insurance plc,Upheld,,Insurance
DRN-4739056,decision/DRN-4739056.pdf,Decision Reference DRN-4739056,29 May 2024,AXA PPP Healthcare Limited,Not upheld,,Insurance
DRN-4819015,decision/DRN-4819015.pdf,Decision Reference DRN-4819015,29 May 2024,Admiral Insurance (Gibraltar) Limited,Upheld,,Insurance
DRN-4774228,decision/DRN-4774228.pdf,Decision Reference DRN-4774228,29 May 2024,U K Insurance Limited,Not upheld,,Insurance
DRN-4822714,decision/DRN-4822714.pdf,Decision Reference DRN-4822714,29 May 2024,Lloyds Bank General Insurance Limited,Not upheld,,Insurance
DRN-4800148,decision/DRN-4800148.pdf,Decision Reference DRN-4800148,29 May 2024,Liverpool Victoria Insurance Company Limited,Not upheld,,Insurance
DRN-4822062,decision/DRN-4822062.pdf,Decision Reference DRN-4822062,29 May 2024,"Ocaso SA, Compania de Seguros y Reaseguros",Upheld,,Insurance
DRN-4670133,decision/DRN-4670133.pdf,Decision Reference DRN-4670133,29 May 2024,Highway Insurance Company Limited,Not upheld,,Insurance
DRN-4822377,decision/DRN-4822377.pdf,Decision Reference DRN-4822377,29 May 2024,Royal & Sun Alliance Insurance Limited,Upheld,,Insurance
DRN-4762924,decision/DRN-4762924.pdf,Decision Reference DRN-4762924,29 May 2024,One Sure Insurance Limited,Upheld,,Insurance
DRN-4766166,decision/DRN-4766166.pdf,Decision Reference DRN-4766166,29 May 2024,Aviva Insurance Limited,Upheld,,Insurance
DRN-4822021,decision/DRN-4822021.pdf,Decision Reference DRN-4822021,29 May 2024,Aviva Insurance Limited,Upheld,,Insurance
DRN-4768589,decision/DRN-4768589.pdf,Decision Reference DRN-4768589,29 May 2024,Aviva Insurance Limited,Not upheld,,Insurance
DRN-4802706,decision/DRN-4802706.pdf,Decision Reference DRN-4802706,29 May 2024,Accredited Insurance (Europe) Ltd,Not upheld,,Insurance
DRN-4495693,decision/DRN-4495693.pdf,Decision Reference DRN-4495693,29 May 2024,Aviva Insurance Limited,Upheld,,Insurance
DRN-4821559,decision/DRN-4821559.pdf,Decision Reference DRN-4821559,29 May 2024,QIC Europe Ltd,Upheld,,Insurance
DRN-4808730,decision/DRN-4808730.pdf,Decision Reference DRN-4808730,29 May 2024,Insure & Go Insurance Services Ltd,Upheld,,Insurance
DRN-4691993,decision/DRN-4691993.pdf,Decision Reference DRN-4691993,29 May 2024,Aviva Insurance Limited,Not upheld,,Insurance
DRN-4813614,decision/DRN-4813614.pdf,Decision Reference DRN-4813614,28 May 2024,Wakam,Not upheld,,Insurance
DRN-4751994,decision/DRN-4751994.pdf,Decision Reference DRN-4751994,28 May 2024,Royal & Sun Alliance Insurance Limited,Upheld,,Insurance
DRN-4819277,decision/DRN-4819277.pdf,Decision Reference DRN-4819277,28 May 2024,AXA Insurance UK Plc,Upheld,,Insurance
DRN-4806276,decision/DRN-4806276.pdf,Decision Reference DRN-4806276,28 May 2024,Inter Partner Assistance SA,Not upheld,,Insurance
DRN-4782287,decision/DRN-4782287.pdf,Decision Reference DRN-4782287,28 May 2024,Admiral Insurance (Gibraltar) Limited,Not upheld,,Insurance
DRN-4564713,decision/DRN-4564713.pdf,Decision Reference DRN-4564713,28 May 2024,Arthur J. Gallagher Insurance Brokers Limited,Upheld,,Insurance
DRN-4728206,decision/DRN-4728206.pdf,Decision Reference DRN-4728206,28 May 2024,Avantia Insurance Limited,Upheld,,Insurance
DRN-4712678,decision/DRN-4712678.pdf,Decision Reference DRN-4712678,28 May 2024,AWP P&C S.A.,Upheld,,Insurance
DRN-4820387,decision/DRN-4820387.pdf,Decision Reference DRN-4820387,28 May 2024,AXA Insurance UK Plc,Upheld,,Insurance
DRN-4814247,decision/DRN-4814247.pdf,Decision Reference DRN-4814247,28 May 2024,Aviva Insurance Limited,Upheld,,Insurance
DRN-4819521,decision/DRN-4819521.pdf,Decision Reference DRN-4819521,28 May 2024,Mulsanne Insurance Company Limited,Upheld,,Insurance
DRN-4801407,decision/DRN-4801407.pdf,Decision Reference DRN-4801407,28 May 2024,Inter Partner Assistance SA,Upheld,,Insurance
DRN-4768032,decision/DRN-4768032.pdf,Decision Reference DRN-4768032,28 May 2024,First Central Underwriting Limited,Upheld,,Insurance
DRN-4732193,decision/DRN-4732193.pdf,Decision Reference DRN-4732193,28 May 2024,AXA PPP Healthcare Limited,Not upheld,,Insurance
DRN-4819377,decision/DRN-4819377.pdf,Decision Reference DRN-4819377,28 May 2024,Royal & Sun Alliance Insurance Limited,Upheld,,Insurance
DRN-4703347,decision/DRN-4703347.pdf,Decision Reference DRN-4703347,28 May 2024,Aviva Insurance Limited,Not upheld,,Insurance
DRN-4809251,decision/DRN-4809251.pdf,Decision Reference DRN-4809251,28 May 2024,U K Insurance Limited,Upheld,,Insurance
DRN-4818278,decision/DRN-4818278.pdf,Decision Reference DRN-4818278,28 May 2024,Scottish Friendly Assurance Society Limited,Not upheld,,Insurance
DRN-4753313,decision/DRN-4753313.pdf,Decision Reference DRN-4753313,27 May 2024,Legal and General Assurance Society Limited,Not upheld,,Insurance
DRN-4712081,decision/DRN-4712081.pdf,Decision Reference DRN-4712081,27 May 2024,Admiral Insurance Company Limited,Not upheld,,Insurance
DRN-4762160,decision/DRN-4762160.pdf,Decision Reference DRN-4762160,27 May 2024,esure Insurance Limited,Upheld,,Insurance
DRN-4815826,decision/DRN-4815826.pdf,Decision Reference DRN-4815826,24 May 2024,Marshmallow Insurance Limited,Upheld,,Insurance
DRN-4814269,decision/DRN-4814269.pdf,Decision Reference DRN-4814269,24 May 2024,Haven Insurance Company Limited,Upheld,,Insurance
DRN-4818307,decision/DRN-4818307.pdf,Decision Reference DRN-4818307,24 May 2024,AXA Insurance UK Plc,Upheld,,Insurance
DRN-4817465,decision/DRN-4817465.pdf,Decision Reference DRN-4817465,24 May 2024,Amtrust Europe Limited,Not upheld,,Insurance
DRN-4816887,decision/DRN-4816887.pdf,Decision Reference DRN-4816887,24 May 2024,Inter Partner Assistance SA,Upheld,,Insurance
DRN-4817040,decision/DRN-4817040.pdf,Decision Reference DRN-4817040,24 May 2024,Andrew Smith,Upheld,,Insurance
DRN-4814312,decision/DRN-4814312.pdf,Decision Reference DRN-4814312,24 May 2024,Zurich Insurance PLC,Upheld,,Insurance
DRN-4813560,decision/DRN-4813560.pdf,Decision Reference DRN-4813560,24 May 2024,Covea Insurance plc,Upheld,,Insurance
DRN-4815808,decision/DRN-4815808.pdf,Decision Reference DRN-4815808,24 May 2024,Great Lakes Insurance SE,Upheld,,Insurance
DRN-4813689,decision/DRN-4813689.pdf,Decision Reference DRN-4813689,24 May 2024,Marshmallow Insurance Limited,Upheld,,Insurance
DRN-4810609,decision/DRN-4810609.pdf,Decision Reference DRN-4810609,24 May 2024,Liverpool Victoria Insurance Company Limited,Not upheld,,Insurance
DRN-4816123,decision/DRN-4816123.pdf,Decision Reference DRN-4816123,24 May 2024,Lloyds Bank General Insurance Limited,Upheld,,Insurance
DRN-4816084,decision/DRN-4816084.pdf,Decision Reference DRN-4816084,24 May 2024,Inter Partner Assistance SA,Not upheld,,Insurance
DRN-4637962,decision/DRN-4637962.pdf,Decision Reference DRN-4637962,23 May 2024,esure Insurance Limited,Not upheld,,Insurance
DRN-4731278,decision/DRN-4731278.pdf,Decision Reference DRN-4731278,23 May 2024,Ageas Insurance Limited,Not upheld,,Insurance
DRN-4755595,decision/DRN-4755595.pdf,Decision Reference DRN-4755595,23 May 2024,Accredited Insurance (Europe) Ltd,Upheld,,Insurance
DRN-4736164,decision/DRN-4736164.pdf,Decision Reference DRN-4736164,23 May 2024,Simplyhealth Access,Not upheld,,Insurance
DRN-4725475,decision/DRN-4725475.pdf,Decision Reference DRN-4725475,23 May 2024,Accredited Insurance (Europe) Ltd,Not upheld,,Insurance
DRN-4808466,decision/DRN-4808466.pdf,Decision Reference DRN-4808466,23 May 2024,Ageas Insurance Limited,Not upheld,,Insurance
DRN-4763928,decision/DRN-4763928.pdf,Decision Reference DRN-4763928,23 May 2024,Advantage Insurance Company Limited,Upheld,,Insurance
DRN-4712201,decision/DRN-4712201.pdf,Decision Reference DRN-4712201,23 May 2024,Liverpool Victoria Insurance Company Limited,Upheld,,Insurance
DRN-4729763,decision/DRN-4729763.pdf,Decision Reference DRN-4729763,23 May 2024,esure Insurance Limited,Upheld,,Insurance
DRN-4516775,decision/DRN-4516775.pdf,Decision Reference DRN-4516775,23 May 2024,China Taiping Insurance (UK) Co Ltd,Upheld,,Insurance
DRN-4650133,decision/DRN-4650133.pdf,Decision Reference DRN-4650133,23 May 2024,Covea Insurance plc,Upheld,,Insurance
DRN-4810649,decision/DRN-4810649.pdf,Decision Reference DRN-4810649,23 May 2024,Vitality Health Limited,Not upheld,,Insurance
DRN-4789856,decision/DRN-4789856.pdf,Decision Reference DRN-4789856,23 May 2024,Great Lakes Insurance UK Limited,Not upheld,,Insurance
DRN-4813590,decision/DRN-4813590.pdf,Decision Reference DRN-4813590,23 May 2024,U K Insurance Limited,Upheld,,Insurance
DRN-4695208,decision/DRN-4695208.pdf,Decision Reference DRN-4695208,23 May 2024,U K Insurance Limited,Not upheld,,Insurance
DRN-4778488,decision/DRN-4778488.pdf,Decision Reference DRN-4778488,23 May 2024,ReAssure Limited,Not upheld,,Insurance
DRN-4811002,decision/DRN-4811002.pdf,Decision Reference DRN-4811002,22 May 2024,Inter Partner Assistance SA,Upheld,,Insurance
DRN-4761454,decision/DRN-4761454.pdf,Decision Reference DRN-4761454,22 May 2024,First Central Underwriting Limited,Not upheld,,Insurance
DRN-4746785,decision/DRN-4746785.pdf,Decision Reference DRN-4746785,22 May 2024,Aviva Insurance Limited,Upheld,,Insurance
DRN-4806913,decision/DRN-4806913.pdf,Decision Reference DRN-4806913,22 May 2024,AML Associates Financial Services Ltd,Upheld,,Insurance
DRN-4807748,decision/DRN-4807748.pdf,Decision Reference DRN-4807748,22 May 2024,Fortegra Europe Insurance Company Ltd,Upheld,,Insurance
DRN-4724546,decision/DRN-4724546.pdf,Decision Reference DRN-4724546,22 May 2024,Allied World Assurance Company (Europe) dac,Not upheld,,Insurance
DRN-4809798,decision/DRN-4809798.pdf,Decision Reference DRN-4809798,22 May 2024,Liverpool Victoria Insurance Company Limited,Upheld,,Insurance
DRN-4786293,decision/DRN-4786293.pdf,Decision Reference DRN-4786293,22 May 2024,EUI Limited,Not upheld,,Insurance
DRN-4787081,decision/DRN-4787081.pdf,Decision Reference DRN-4787081,22 May 2024,Admiral Insurance (Gibraltar) Limited,Upheld,,Insurance
DRN-4811776,decision/DRN-4811776.pdf,Decision Reference DRN-4811776,22 May 2024,Aviva Insurance Limited,Upheld,,Insurance
DRN-4658841,decision/DRN-4658841.pdf,Decision Reference DRN-4658841,22 May 2024,Aviva Insurance Limited,Not upheld,,Insurance
DRN-4769016,decision/DRN-4769016.pdf,Decision Reference DRN-4769016,22 May 2024,Tesco Underwriting Limited,Upheld,,Insurance
DRN-4811903,decision/DRN-4811903.pdf,Decision Reference DRN-4811903,22 May 2024,Admiral Insurance (Gibraltar) Limited,Upheld,,Insurance
DRN-4809407,decision/DRN-4809407.pdf,Decision Reference DRN-4809407,22 May 2024,First Central Underwriting Limited,Upheld,,Insurance
DRN-4668342,decision/DRN-4668342.pdf,Decision Reference DRN-4668342,22 May 2024,AXA Insurance UK Plc,Upheld,,Insurance
DRN-4809255,decision/DRN-4809255.pdf,Decision Reference DRN-4809255,22 May 2024,Admiral Insurance (Gibraltar) Limited,Upheld,,Insurance
DRN-4726473,decision/DRN-4726473.pdf,Decision Reference DRN-4726473,22 May 2024,Tesco Underwriting Limited,Upheld,,Insurance
DRN-4809499,decision/DRN-4809499.pdf,Decision Reference DRN-4809499,22 May 2024,esure Insurance Limited,Not upheld,,Insurance
DRN-4770881,decision/DRN-4770881.pdf,Decision Reference DRN-4770881,22 May 2024,AWP P&C S.A.,Upheld,,Insurance
DRN-4808356,decision/DRN-4808356.pdf,Decision Reference DRN-4808356,22 May 2024,Amtrust Europe Limited,Upheld,,Insurance
DRN-4717748,decision/DRN-4717748.pdf,Decision Reference DRN-4717748,22 May 2024,AXA Insurance UK Plc,Not upheld,,Insurance
DRN-4610823,decision/DRN-4610823.pdf,Decision Reference DRN-4610823,22 May 2024,Legal and General Assurance Society Limited,Not upheld,,Insurance
DRN-4801222,decision/DRN-4801222.pdf,Decision Reference DRN-4801222,22 May 2024,Advantage Insurance Company Limited,Upheld,,Insurance
DRN-4770779,decision/DRN-4770779.pdf,Decision Reference DRN-4770779,22 May 2024,U K Insurance Limited,Not upheld,,Insurance
DRN-4748785,decision/DRN-4748785.pdf,Decision Reference DRN-4748785,22 May 2024,Great Lakes Insurance UK Limited,Upheld,,Insurance
DRN-4793734,decision/DRN-4793734.pdf,Decision Reference DRN-4793734,22 May 2024,Euroins AD,Upheld,,Insurance
DRN-4810277,decision/DRN-4810277.pdf,Decision Reference DRN-4810277,21 May 2024,National House-Building Council,Upheld,,Insurance
DRN-4765500,decision/DRN-4765500.pdf,Decision Reference DRN-4765500,21 May 2024,U K Insurance Limited,Upheld,,Insurance
DRN-4541175,decision/DRN-4541175.pdf,Decision Reference DRN-4541175,21 May 2024,Royal & Sun Alliance Insurance Limited,Upheld,,Insurance
DRN-4723262,decision/DRN-4723262.pdf,Decision Reference DRN-4723262,21 May 2024,One Insurance Limited,Upheld,,Insurance
DRN-4775304,decision/DRN-4775304.pdf,Decision Reference DRN-4775304,21 May 2024,Evolution Insurance Company Limited,Upheld,,Insurance
DRN-4804486,decision/DRN-4804486.pdf,Decision Reference DRN-4804486,21 May 2024,BUPA Insurance Limited,Not upheld,,Insurance
DRN-4674582,decision/DRN-4674582.pdf,Decision Reference DRN-4674582,21 May 2024,Hiscox Insurance Company Limited,Not upheld,,Insurance
DRN-4777239,decision/DRN-4777239.pdf,Decision Reference DRN-4777239,21 May 2024,Royal & Sun Alliance Insurance Limited,Upheld,,Insurance
DRN-4697866,decision/DRN-4697866.pdf,Decision Reference DRN-4697866,21 May 2024,Admiral Insurance (Gibraltar) Limited,Upheld,,Insurance
DRN-4776238,decision/DRN-4776238.pdf,Decision Reference DRN-4776238,21 May 2024,U K Insurance Limited,Not upheld,,Insurance
DRN-4805350,decision/DRN-4805350.pdf,Decision Reference DRN-4805350,21 May 2024,Inter Partner Assistance SA,Upheld,,Insurance
DRN-4645130,decision/DRN-4645130.pdf,Decision Reference DRN-4645130,21 May 2024,Lloyds Bank General Insurance Limited,Not upheld,,Insurance
DRN-4806883,decision/DRN-4806883.pdf,Decision Reference DRN-4806883,21 May 2024,Unum Ltd,Not upheld,,Insurance
DRN-4512482,decision/DRN-4512482.pdf,Decision Reference DRN-4512482,21 May 2024,Wakam,Upheld,,Insurance
DRN-4790362,decision/DRN-4790362.pdf,Decision Reference DRN-4790362,21 May 2024,AXA Insurance UK Plc,Not upheld,,Insurance
DRN-4808332,decision/DRN-4808332.pdf,Decision Reference DRN-4808332,21 May 2024,Aviva Insurance Limited,Upheld,,Insurance
DRN-4702968,decision/DRN-4702968.pdf,Decision Reference DRN-4702968,20 May 2024,Ageas Insurance Limited,Upheld,,Insurance
DRN-4784851,decision/DRN-4784851.pdf,Decision Reference DRN-4784851,20 May 2024,Wise One (UK) Ltd,Not upheld,,Insurance
DRN-4765837,decision/DRN-4765837.pdf,Decision Reference DRN-4765837,20 May 2024,Red Sands Insurance Company (Europe) Limited,Not upheld,,Insurance
DRN-4758719,decision/DRN-4758719.pdf,Decision Reference DRN-4758719,20 May 2024,Ageas Insurance Limited,Upheld,,Insurance
DRN-4782281,decision/DRN-4782281.pdf,Decision Reference DRN-4782281,20 May 2024,U K Insurance Limited,Not upheld,,Insurance
DRN-4745260,decision/DRN-4745260.pdf,Decision Reference DRN-4745260,20 May 2024,BISL Limited,Not upheld,,Insurance
DRN-4644102,decision/DRN-4644102.pdf,Decision Reference DRN-4644102,20 May 2024,U K Insurance Limited,Not upheld,,Insurance
DRN-4746645,decision/DRN-4746645.pdf,Decision Reference DRN-4746645,20 May 2024,Pinnacle Insurance Plc,Not upheld,,Insurance
DRN-4633320,decision/DRN-4633320.pdf,Decision Reference DRN-4633320,20 May 2024,Covea Insurance plc,Upheld,,Insurance
DRN-4807139,decision/DRN-4807139.pdf,Decision Reference DRN-4807139,20 May 2024,Royal & Sun Alliance Insurance Limited,Not upheld,,Insurance
DRN-4806023,decision/DRN-4806023.pdf,Decision Reference DRN-4806023,20 May 2024,National House-Building Council,Upheld,,Insurance
DRN-4806295,decision/DRN-4806295.pdf,Decision Reference DRN-4806295,20 May 2024,Aviva Insurance Limited,Not upheld,,Insurance
DRN-4805137,decision/DRN-4805137.pdf,Decision Reference DRN-4805137,20 May 2024,HDI Global Specialty SE,Upheld,,Insurance
DRN-4743847,decision/DRN-4743847.pdf,Decision Reference DRN-4743847,20 May 2024,Aviva Life & Pensions UK Limited,Not upheld,,Insurance
DRN-4806645,decision/DRN-4806645.pdf,Decision Reference DRN-4806645,20 May 2024,Inter Partner Assistance SA,Upheld,,Insurance
DRN-4749565,decision/DRN-4749565.pdf,Decision Reference DRN-4749565,20 May 2024,Liverpool Victoria Insurance Company Limited,Not upheld,,Insurance
DRN-4722632,decision/DRN-4722632.pdf,Decision Reference DRN-4722632,20 May 2024,esure Insurance Limited,Upheld,,Insurance
DRN-4782953,decision/DRN-4782953.pdf,Decision Reference DRN-4782953,20 May 2024,Admiral Insurance (Gibraltar) Limited,Not upheld,,Insurance
DRN-4721379,decision/DRN-4721379.pdf,Decision Reference DRN-4721379,20 May 2024,The National Farmers' Union Mutual Insurance Society Limited,Not upheld,,Insurance
DRN-4777426,decision/DRN-4777426.pdf,Decision Reference DRN-4777426,20 May 2024,Inter Partner Assistance SA,Not upheld,,Insurance
DRN-4790354,decision/DRN-4790354.pdf,Decision Reference DRN-4790354,20 May 2024,AXA Insurance UK Plc,Upheld,,Insurance
DRN-4679377,decision/DRN-4679377.pdf,Decision Reference DRN-4679377,18 May 2024,Markerstudy Insurance Company Limited,Upheld,,Insurance
DRN-4661546,decision/DRN-4661546.pdf,Decision Reference DRN-4661546,18 May 2024,Highway Insurance Company Limited,Upheld,,Insurance
DRN-4802617,decision/DRN-4802617.pdf,Decision Reference DRN-4802617,17 May 2024,Red Sands Insurance Company (Europe) Limited,Upheld,,Insurance
DRN-4771324,decision/DRN-4771324.pdf,Decision Reference DRN-4771324,17 May 2024,Legal and General Assurance Society Limited,Not upheld,,Insurance
DRN-4490442,decision/DRN-4490442.pdf,Decision Reference DRN-4490442,17 May 2024,U K Insurance Limited,Not upheld,,Insurance
DRN-4728070,decision/DRN-4728070.pdf,Decision Reference DRN-4728070,17 May 2024,Covea Insurance plc,Upheld,,Insurance
DRN-4698296,decision/DRN-4698296.pdf,Decision Reference DRN-4698296,17 May 2024,U K Insurance Limited,Not upheld,,Insurance
DRN-4663871,decision/DRN-4663871.pdf,Decision Reference DRN-4663871,17 May 2024,Advantage Insurance Company Limited,Upheld,,Insurance
DRN-4693851,decision/DRN-4693851.pdf,Decision Reference DRN-4693851,17 May 2024,Mulsanne Insurance Company Limited,Upheld,,Insurance
DRN-4802676,decision/DRN-4802676.pdf,Decision Reference DRN-4802676,17 May 2024,esure Insurance Limited,Not upheld,,Insurance
DRN-4792287,decision/DRN-4792287.pdf,Decision Reference DRN-4792287,17 May 2024,Makesure Insurance Services Ltd,Upheld,,Insurance
DRN-4804068,decision/DRN-4804068.pdf,Decision Reference DRN-4804068,17 May 2024,AXA Insurance UK Plc,Upheld,,Insurance
DRN-4745186,decision/DRN-4745186.pdf,Decision Reference DRN-4745186,17 May 2024,U K Insurance Limited,Not upheld,,Insurance
DRN-4774597,decision/DRN-4774597.pdf,Decision Reference DRN-4774597,17 May 2024,West Bay Insurance Plc,Upheld,,Insurance
DRN-4737619,decision/DRN-4737619.pdf,Decision Reference DRN-4737619,17 May 2024,Aviva Life & Pensions UK Limited,Not upheld,,Insurance
DRN-4784898,decision/DRN-4784898.pdf,Decision Reference DRN-4784898,17 May 2024,esure Insurance Limited,Upheld,,Insurance
DRN-4707637,decision/DRN-4707637.pdf,Decision Reference DRN-4707637,17 May 2024,Amtrust Europe Limited,Upheld,,Insurance
DRN-4654280,decision/DRN-4654280.pdf,Decision Reference DRN-4654280,17 May 2024,Aviva Insurance Limited,Not upheld,,Insurance
DRN-4705246,decision/DRN-4705246.pdf,Decision Reference DRN-4705246,17 May 2024,AXA PPP Healthcare Limited,Not upheld,,Insurance
DRN-4688964,decision/DRN-4688964.pdf,Decision Reference DRN-4688964,17 May 2024,Fairmead Insurance Limited,Not upheld,,Insurance
DRN-4711888,decision/DRN-4711888.pdf,Decision Reference DRN-4711888,17 May 2024,Royal & Sun Alliance Insurance Limited,Not upheld,,Insurance
DRN-4803513,decision/DRN-4803513.pdf,Decision Reference DRN-4803513,17 May 2024,BUPA Insurance Limited,Not upheld,,Insurance
DRN-4767448,decision/DRN-4767448.pdf,Decision Reference DRN-4767448,17 May 2024,Castle Financial & Mortgage Services,Upheld,,Insurance
DRN-4797239,decision/DRN-4797239.pdf,Decision Reference DRN-4797239,17 May 2024,Zurich Assurance Ltd,Not upheld,,Insurance
DRN-4518508,decision/DRN-4518508.pdf,Decision Reference DRN-4518508,17 May 2024,Liverpool Victoria Insurance Company Limited,Not upheld,,Insurance
DRN-4777615,decision/DRN-4777615.pdf,Decision Reference DRN-4777615,17 May 2024,Wakam,Upheld,,Insurance
DRN-4737717,decision/DRN-4737717.pdf,Decision Reference DRN-4737717,17 May 2024,Amtrust Europe Limited,Upheld,,Insurance
DRN-4708934,decision/DRN-4708934.pdf,Decision Reference DRN-4708934,17 May 2024,Calpe Insurance Company Limited,Not upheld,,Insurance
DRN-4517892,decision/DRN-4517892.pdf,Decision Reference DRN-4517892,16 May 2024,AXA Insurance UK Plc,Not upheld,,Insurance
DRN-4769394,decision/DRN-4769394.pdf,Decision Reference DRN-4769394,16 May 2024,U K Insurance Limited,Upheld,,Insurance
DRN-4710218,decision/DRN-4710218.pdf,Decision Reference DRN-4710218,16 May 2024,Zurich Insurance PLC,Upheld,,Insurance
DRN-4802794,decision/DRN-4802794.pdf,Decision Reference DRN-4802794,16 May 2024,West Bay Insurance Plc,Not upheld,,Insurance
DRN-4783213,decision/DRN-4783213.pdf,Decision Reference DRN-4783213,16 May 2024,Liberty Mutual Insurance Europe SE,Upheld,,Insurance
DRN-4716922,decision/DRN-4716922.pdf,Decision Reference DRN-4716922,16 May 2024,Euroins AD,Upheld,,Insurance
DRN-4802624,decision/DRN-4802624.pdf,Decision Reference DRN-4802624,16 May 2024,AWP P&C S.A.,Upheld,,Insurance
DRN-4706030,decision/DRN-4706030.pdf,Decision Reference DRN-4706030,16 May 2024,Admiral Insurance (Gibraltar) Limited,Not upheld,,Insurance
DRN-4733122,decision/DRN-4733122.pdf,Decision Reference DRN-4733122,16 May 2024,Aviva Life & Pensions UK Limited,Not upheld,,Insurance
DRN-4774205,decision/DRN-4774205.pdf,Decision Reference DRN-4774205,16 May 2024,Scottish Widows Limited,Not upheld,,Insurance
DRN-4802585,decision/DRN-4802585.pdf,Decision Reference DRN-4802585,16 May 2024,FinanceMe Ltd,Upheld,,Insurance
DRN-4660966,decision/DRN-4660966.pdf,Decision Reference DRN-4660966,16 May 2024,Zurich Insurance PLC,Not upheld,,Insurance
DRN-4782746,decision/DRN-4782746.pdf,Decision Reference DRN-4782746,16 May 2024,Euroins AD,Upheld,,Insurance
DRN-4751712,decision/DRN-4751712.pdf,Decision Reference DRN-4751712,16 May 2024,Zurich Insurance PLC,Upheld,,Insurance
DRN-4632528,decision/DRN-4632528.pdf,Decision Reference DRN-4632528,16 May 2024,The National Farmers' Union Mutual Insurance Society Limited,Not upheld,,Insurance
DRN-4774263,decision/DRN-4774263.pdf,Decision Reference DRN-4774263,16 May 2024,Helvetia Global Solutions Ltd,Upheld,,Insurance
DRN-4782835,decision/DRN-4782835.pdf,Decision Reference DRN-4782835,16 May 2024,Aviva Insurance Limited,Upheld,,Insurance
DRN-4799770,decision/DRN-4799770.pdf,Decision Reference DRN-4799770,16 May 2024,Euroins AD,Not upheld,,Insurance
DRN-4676443,decision/DRN-4676443.pdf,Decision Reference DRN-4676443,16 May 2024,DAS Legal Expenses Insurance Company Limited,Not upheld,,Insurance
DRN-4711007,decision/DRN-4711007.pdf,Decision Reference DRN-4711007,16 May 2024,Liverpool Victoria Financial Services Limited,Not upheld,,Insurance
DRN-4705349,decision/DRN-4705349.pdf,Decision Reference DRN-4705349,16 May 2024,Amtrust Europe Limited,Not upheld,,Insurance
DRN-4801706,decision/DRN-4801706.pdf,Decision Reference DRN-4801706,16 May 2024,Aviva Insurance Limited,Upheld,,Insurance
DRN-4770195,decision/DRN-4770195.pdf,Decision Reference DRN-4770195,16 May 2024,West Bay Insurance Plc,Not upheld,,Insurance
DRN-4774582,decision/DRN-4774582.pdf,Decision Reference DRN-4774582,16 May 2024,Insurance Factory Ltd,Upheld,,Insurance
DRN-4659239,decision/DRN-4659239.pdf,Decision Reference DRN-4659239,16 May 2024,AXA Insurance UK Plc,Upheld,,Insurance
DRN-4708590,decision/DRN-4708590.pdf,Decision Reference DRN-4708590,16 May 2024,U K Insurance Limited,Not upheld,,Insurance
DRN-4794617,decision/DRN-4794617.pdf,Decision Reference DRN-4794617,15 May 2024,Society of Lloyd's,Upheld,,Insurance
DRN-4757018,decision/DRN-4757018.pdf,Decision Reference DRN-4757018,15 May 2024,One Insurance Limited,Upheld,,Insurance
DRN-4692255,decision/DRN-4692255.pdf,Decision Reference DRN-4692255,15 May 2024,BISL Limited,Not upheld,,Insurance
DRN-4759635,decision/DRN-4759635.pdf,Decision Reference DRN-4759635,15 May 2024,Vitality Health Limited,Not upheld,,Insurance
DRN-4772271,decision/DRN-4772271.pdf,Decision Reference DRN-4772271,15 May 2024,Legal and General Assurance Society Limited,Upheld,,Insurance
DRN-4800420,decision/DRN-4800420.pdf,Decision Reference DRN-4800420,15 May 2024,Aviva Insurance Limited,Upheld,,Insurance
DRN-4715939,decision/DRN-4715939.pdf,Decision Reference DRN-4715939,15 May 2024,Vitality Life Limited,Not upheld,,Insurance
DRN-4734679,decision/DRN-4734679.pdf,Decision Reference DRN-4734679,15 May 2024,Vitality Health Limited,Upheld,,Insurance
DRN-4799379,decision/DRN-4799379.pdf,Decision Reference DRN-4799379,15 May 2024,Acasta European Insurance Company Limited,Upheld,,Insurance
DRN-4799956,decision/DRN-4799956.pdf,Decision Reference DRN-4799956,15 May 2024,Ageas Insurance Limited,Upheld,,Insurance
DRN-4739164,decision/DRN-4739164.pdf,Decision Reference DRN-4739164,15 May 2024,BUPA Insurance Limited,Not upheld,,Insurance
DRN-4798280,decision/DRN-4798280.pdf,Decision Reference DRN-4798280,15 May 2024,Red Sands Insurance Company (Europe) Limited,Upheld,,Insurance
DRN-4706118,decision/DRN-4706118.pdf,Decision Reference DRN-4706118,15 May 2024,Sabre Insurance Company Limited,Upheld,,Insurance
DRN-4755586,decision/DRN-4755586.pdf,Decision Reference DRN-4755586,15 May 2024,Lloyds Bank General Insurance Limited,Not upheld,,Insurance
DRN-4734988,decision/DRN-4734988.pdf,Decision Reference DRN-4734988,15 May 2024,Inter Partner Assistance SA,Upheld,,Insurance
DRN-4765620,decision/DRN-4765620.pdf,Decision Reference DRN-4765620,15 May 2024,Herts Insurance Consultants Ltd,Not upheld,,Insurance
DRN-4799075,decision/DRN-4799075.pdf,Decision Reference DRN-4799075,15 May 2024,Premier Insurance Company Limited,Not upheld,,Insurance
DRN-4297766,decision/DRN-4297766.pdf,Decision Reference DRN-4297766,15 May 2024,U K Insurance Limited,Not upheld,,Insurance
DRN-4799099,decision/DRN-4799099.pdf,Decision Reference DRN-4799099,15 May 2024,Admiral Insurance (Gibraltar) Limited,Not upheld,,Insurance
DRN-4691240,decision/DRN-4691240.pdf,Decision Reference DRN-4691240,15 May 2024,Ageas Insurance Limited,Upheld,,Insurance
DRN-4755574,decision/DRN-4755574.pdf,Decision Reference DRN-4755574,15 May 2024,Red Sands Insurance Company (Europe) Limited,Upheld,,Insurance
DRN-4798479,decision/DRN-4798479.pdf,Decision Reference DRN-4798479,15 May 2024,Ageas Insurance Limited,Upheld,,Insurance
DRN-4737029,decision/DRN-4737029.pdf,Decision Reference DRN-4737029,15 May 2024,Euroins AD,Upheld,,Insurance
DRN-4760633,decision/DRN-4760633.pdf,Decision Reference DRN-4760633,15 May 2024,Tesco Underwriting Limited,Upheld,,Insurance
DRN-4798813,decision/DRN-4798813.pdf,Decision Reference DRN-4798813,15 May 2024,Ageas Insurance Limited,Upheld,,Insurance
DRN-4744599,decision/DRN-4744599.pdf,Decision Reference DRN-4744599,15 May 2024,Royal & Sun Alliance Insurance Limited,Not upheld,,Insurance
DRN-4721899,decision/DRN-4721899.pdf,Decision Reference DRN-4721899,15 May 2024,Covea Insurance plc,Upheld,,Insurance
DRN-4798466,decision/DRN-4798466.pdf,Decision Reference DRN-4798466,15 May 2024,Aviva Insurance Limited,Not upheld,,Insurance
DRN-4765150,decision/DRN-4765150.pdf,Decision Reference DRN-4765150,15 May 2024,Helvetia Global Solutions Ltd,Upheld,,Insurance
DRN-4783841,decision/DRN-4783841.pdf,Decision Reference DRN-4783841,14 May 2024,The National Farmers' Union Mutual Insurance Society Limited,Upheld,,Insurance
DRN-4782269,decision/DRN-4782269.pdf,Decision Reference DRN-4782269,14 May 2024,RAC Financial Services Ltd,Upheld,,Insurance
DRN-4661851,decision/DRN-4661851.pdf,Decision Reference DRN-4661851,14 May 2024,U K Insurance Limited,Not upheld,,Insurance
DRN-4764908,decision/DRN-4764908.pdf,Decision Reference DRN-4764908,14 May 2024,U K Insurance Limited,Not upheld,,Insurance
DRN-4745742,decision/DRN-4745742.pdf,Decision Reference DRN-4745742,14 May 2024,Advantage Insurance Company Limited,Upheld,,Insurance
DRN-4797199,decision/DRN-4797199.pdf,Decision Reference DRN-4797199,14 May 2024,esure Insurance Limited,Not upheld,,Insurance
DRN-4763075,decision/DRN-4763075.pdf,Decision Reference DRN-4763075,14 May 2024,First Central Underwriting Limited,Not upheld,,Insurance
DRN-4718519,decision/DRN-4718519.pdf,Decision Reference DRN-4718519,14 May 2024,Accelerant Insurance Europe SA/NV UK Branch,Upheld,,Insurance
DRN-4777049,decision/DRN-4777049.pdf,Decision Reference DRN-4777049,14 May 2024,Aviva Insurance Limited,Upheld,,Insurance
DRN-4629539,decision/DRN-4629539.pdf,Decision Reference DRN-4629539,14 May 2024,Covea Insurance plc,Not upheld,,Insurance
DRN-4797106,decision/DRN-4797106.pdf,Decision Reference DRN-4797106,14 May 2024,AXA Insurance UK Plc,Upheld,,Insurance
DRN-4705244,decision/DRN-4705244.pdf,Decision Reference DRN-4705244,14 May 2024,Mulsanne Insurance Company Limited,Not upheld,,Insurance
DRN-4783987,decision/DRN-4783987.pdf,Decision Reference DRN-4783987,14 May 2024,U K Insurance Limited,Upheld,,Insurance
DRN-4593623,decision/DRN-4593623.pdf,Decision Reference DRN-4593623,14 May 2024,Admiral Insurance (Gibraltar) Limited,Upheld,,Insurance
DRN-4796826,decision/DRN-4796826.pdf,Decision Reference DRN-4796826,14 May 2024,Amtrust Europe Limited,Upheld,,Insurance
DRN-4794740,decision/DRN-4794740.pdf,Decision Reference DRN-4794740,14 May 2024,Nelson Insurance Company Ltd,Upheld,,Insurance
DRN-4796590,decision/DRN-4796590.pdf,Decision Reference DRN-4796590,14 May 2024,Accredited Insurance (Europe) Ltd,Not upheld,,Insurance
DRN-4720046,decision/DRN-4720046.pdf,Decision Reference DRN-4720046,14 May 2024,U K Insurance Limited,Not upheld,,Insurance
DRN-4771814,decision/DRN-4771814.pdf,Decision Reference DRN-4771814,14 May 2024,U K Insurance Limited,Not upheld,,Insurance
DRN-4722824,decision/DRN-4722824.pdf,Decision Reference DRN-4722824,14 May 2024,Vitality Health Limited,Not upheld,,Insurance
DRN-4731697,decision/DRN-4731697.pdf,Decision Reference DRN-4731697,14 May 2024,Inter Partner Assistance SA,Upheld,,Insurance
DRN-4793219,decision/DRN-4793219.pdf,Decision Reference DRN-4793219,14 May 2024,Rock Insurance Services Limited,Upheld,,Insurance
DRN-4795667,decision/DRN-4795667.pdf,Decision Reference DRN-4795667,14 May 2024,Acasta European Insurance Company Limited,Not upheld,,Insurance
DRN-4795755,decision/DRN-4795755.pdf,Decision Reference DRN-4795755,14 May 2024,Atlanta Insurance Intermediaries Limited,Not upheld,,Insurance
DRN-4782302,decision/DRN-4782302.pdf,Decision Reference DRN-4782302,14 May 2024,British Gas Insurance Limited,Not upheld,,Insurance
DRN-4716398,decision/DRN-4716398.pdf,Decision Reference DRN-4716398,14 May 2024,Tesco Underwriting Limited,Not upheld,,Insurance
DRN-4777711,decision/DRN-4777711.pdf,Decision Reference DRN-4777711,14 May 2024,Advantage Insurance Company Limited,Upheld,,Insurance
DRN-4736303,decision/DRN-4736303.pdf,Decision Reference DRN-4736303,13 May 2024,AXA Insurance UK Plc,Upheld,,Insurance
DRN-4697569,decision/DRN-4697569.pdf,Decision Reference DRN-4697569,13 May 2024,esure Insurance Limited,Not upheld,,Insurance
DRN-4792397,decision/DRN-4792397.pdf,Decision Reference DRN-4792397,13 May 2024,U K Insurance Limited,Upheld,,Insurance
DRN-4763546,decision/DRN-4763546.pdf,Decision Reference DRN-4763546,13 May 2024,Accelerant Insurance Europe SA/NV UK Branch,Upheld,,Insurance
DRN-4739703,decision/DRN-4739703.pdf,Decision Reference DRN-4739703,13 May 2024,Homeserve Membership Limited,Not upheld,,Insurance
DRN-4780940,decision/DRN-4780940.pdf,Decision Reference DRN-4780940,13 May 2024,Aviva Life & Pensions UK Limited,Not upheld,,Insurance
DRN-4761256,decision/DRN-4761256.pdf,Decision Reference DRN-4761256,13 May 2024,Royal & Sun Alliance Insurance Limited,Not upheld,,Insurance
DRN-4793268,decision/DRN-4793268.pdf,Decision Reference DRN-4793268,13 May 2024,Admiral Insurance (Gibraltar) Limited,Upheld,,Insurance
DRN-4724019,decision/DRN-4724019.pdf,Decision Reference DRN-4724019,13 May 2024,Royal & Sun Alliance Insurance Limited,Not upheld,,Insurance
DRN-4794902,decision/DRN-4794902.pdf,Decision Reference DRN-4794902,13 May 2024,U K Insurance Limited,Upheld,,Insurance
DRN-4734864,decision/DRN-4734864.pdf,Decision Reference DRN-4734864,13 May 2024,Legal and General Assurance Society Limited,Upheld,,Insurance
DRN-4724016,decision/DRN-4724016.pdf,Decision Reference DRN-4724016,13 May 2024,Ageas Insurance Limited,Upheld,,Insurance
DRN-4727954,decision/DRN-4727954.pdf,Decision Reference DRN-4727954,13 May 2024,Casualty & General Insurance Company (Europe) Ltd,Upheld,,Insurance
DRN-4793790,decision/DRN-4793790.pdf,Decision Reference DRN-4793790,13 May 2024,Sesame Limited,Not upheld,,Insurance
DRN-4793649,decision/DRN-4793649.pdf,Decision Reference DRN-4793649,13 May 2024,Ageas Retail Limited,Not upheld,,Insurance
DRN-4792696,decision/DRN-4792696.pdf,Decision Reference DRN-4792696,13 May 2024,Royal & Sun Alliance Insurance Limited,Upheld,,Insurance
DRN-4737199,decision/DRN-4737199.pdf,Decision Reference DRN-4737199,13 May 2024,AXA Insurance UK Plc,Not upheld,,Insurance
DRN-4793709,decision/DRN-4793709.pdf,Decision Reference DRN-4793709,13 May 2024,Aviva Insurance Limited,Not upheld,,Insurance
DRN-4793758,decision/DRN-4793758.pdf,Decision Reference DRN-4793758,13 May 2024,Domestic & General Insurance Plc,Not upheld,,Insurance
DRN-4694538,decision/DRN-4694538.pdf,Decision Reference DRN-4694538,13 May 2024,Tesco Underwriting Limited,Not upheld,,Insurance
DRN-4792347,decision/DRN-4792347.pdf,Decision Reference DRN-4792347,10 May 2024,AXA Insurance UK Plc,Upheld,,Insurance
DRN-4792260,decision/DRN-4792260.pdf,Decision Reference DRN-4792260,10 May 2024,Aviva Insurance UK Limited,Upheld,,Insurance
DRN-4789748,decision/DRN-4789748.pdf,Decision Reference DRN-4789748,10 May 2024,HDI Global Specialty SE,Upheld,,Insurance
DRN-4728556,decision/DRN-4728556.pdf,Decision Reference DRN-4728556,10 May 2024,Lloyds Bank General Insurance Limited,Not upheld,,Insurance
DRN-4728550,decision/DRN-4728550.pdf,Decision Reference DRN-4728550,10 May 2024,U K Insurance Limited,Upheld,,Insurance
DRN-4784902,decision/DRN-4784902.pdf,Decision Reference DRN-4784902,10 May 2024,ERGO Versicherung Aktiengesellschaft,Upheld,,Insurance
DRN-4713529,decision/DRN-4713529.pdf,Decision Reference DRN-4713529,10 May 2024,Watford Insurance Company Europe Limited,Not upheld,,Insurance
DRN-4312466,decision/DRN-4312466.pdf,Decision Reference DRN-4312466,10 May 2024,U K Insurance Limited,Not upheld,,Insurance
DRN-4679208,decision/DRN-4679208.pdf,Decision Reference DRN-4679208,10 May 2024,Great Lakes Insurance SE,Upheld,,Insurance
DRN-4791045,decision/DRN-4791045.pdf,Decision Reference DRN-4791045,10 May 2024,Aviva Life & Pensions UK Limited,Upheld,,Insurance
DRN-4715674,decision/DRN-4715674.pdf,Decision Reference DRN-4715674,10 May 2024,Zurich Insurance PLC,Upheld,,Insurance
DRN-4722848,decision/DRN-4722848.pdf,Decision Reference DRN-4722848,10 May 2024,Advantage Insurance Company Limited,Upheld,,Insurance
DRN-4790309,decision/DRN-4790309.pdf,Decision Reference DRN-4790309,10 May 2024,AWP P&C S.A.,Upheld,,Insurance
DRN-4790914,decision/DRN-4790914.pdf,Decision Reference DRN-4790914,10 May 2024,Astrenska Insurance Limited,Upheld,,Insurance
DRN-4716766,decision/DRN-4716766.pdf,Decision Reference DRN-4716766,10 May 2024,Aviva Insurance Limited,Upheld,,Insurance
DRN-4688022,decision/DRN-4688022.pdf,Decision Reference DRN-4688022,10 May 2024,DAS Legal Expenses Insurance Company Limited,Not upheld,,Insurance
DRN-4719446,decision/DRN-4719446.pdf,Decision Reference DRN-4719446,10 May 2024,Aviva Insurance Limited,Not upheld,,Insurance
DRN-4729615,decision/DRN-4729615.pdf,Decision Reference DRN-4729615,10 May 2024,Haven Insurance Company Limited,Upheld,,Insurance
DRN-4790552,decision/DRN-4790552.pdf,Decision Reference DRN-4790552,10 May 2024,Domestic & General Insurance Plc,Not upheld,,Insurance
DRN-4685237,decision/DRN-4685237.pdf,Decision Reference DRN-4685237,10 May 2024,Liberty Mutual Insurance Europe SE,Not upheld,,Insurance
DRN-4788990,decision/DRN-4788990.pdf,Decision Reference DRN-4788990,10 May 2024,Admiral Insurance (Gibraltar) Limited,Not upheld,,Insurance
DRN-4705797,decision/DRN-4705797.pdf,Decision Reference DRN-4705797,10 May 2024,Unum Ltd,Not upheld,,Insurance
DRN-4789948,decision/DRN-4789948.pdf,Decision Reference DRN-4789948,10 May 2024,Automobile Association Insurance Services Limited,Not upheld,,Insurance
DRN-4726040,decision/DRN-4726040.pdf,Decision Reference DRN-4726040,10 May 2024,esure Insurance Limited,Upheld,,Insurance
DRN-4697952,decision/DRN-4697952.pdf,Decision Reference DRN-4697952,10 May 2024,Ageas Insurance Limited,Upheld,,Insurance
DRN-4789858,decision/DRN-4789858.pdf,Decision Reference DRN-4789858,9 May 2024,Advantage Insurance Company Limited,Upheld,,Insurance
DRN-4746542,decision/DRN-4746542.pdf,Decision Reference DRN-4746542,9 May 2024,Vitality Health Limited,Not upheld,,Insurance
DRN-4721405,decision/DRN-4721405.pdf,Decision Reference DRN-4721405,9 May 2024,Exeter Friendly Society Limited,Not upheld,,Insurance
DRN-4743726,decision/DRN-4743726.pdf,Decision Reference DRN-4743726,9 May 2024,AWP P&C S.A.,Not upheld,,Insurance
DRN-4757510,decision/DRN-4757510.pdf,Decision Reference DRN-4757510,9 May 2024,Aviva Insurance Limited,Not upheld,,Insurance
DRN-4764502,decision/DRN-4764502.pdf,Decision Reference DRN-4764502,9 May 2024,Mulsanne Insurance Company Limited,Not upheld,,Insurance
DRN-4755429,decision/DRN-4755429.pdf,Decision Reference DRN-4755429,9 May 2024,AWP P&C S.A.,Upheld,,Insurance
DRN-4781322,decision/DRN-4781322.pdf,Decision Reference DRN-4781322,9 May 2024,AIG Life Limited,Not upheld,,Insurance
DRN-4661480,decision/DRN-4661480.pdf,Decision Reference DRN-4661480,9 May 2024,Aviva Insurance Limited,Not upheld,,Insurance
DRN-4640475,decision/DRN-4640475.pdf,Decision Reference DRN-4640475,9 May 2024,Great Lakes Insurance SE,Not upheld,,Insurance
DRN-4703522,decision/DRN-4703522.pdf,Decision Reference DRN-4703522,9 May 2024,Fairmead Insurance Limited,Not upheld,,Insurance
DRN-4761034,decision/DRN-4761034.pdf,Decision Reference DRN-4761034,9 May 2024,Aviva Insurance Limited,Upheld,,Insurance
DRN-4707815,decision/DRN-4707815.pdf,Decision Reference DRN-4707815,9 May 2024,Aviva Insurance Limited,Not upheld,,Insurance
DRN-4727469,decision/DRN-4727469.pdf,Decision Reference DRN-4727469,9 May 2024,Admiral Insurance (Gibraltar) Limited,Upheld,,Insurance
DRN-4727374,decision/DRN-4727374.pdf,Decision Reference DRN-4727374,9 May 2024,Royal & Sun Alliance Insurance Limited,Not upheld,,Insurance
DRN-4772033,decision/DRN-4772033.pdf,Decision Reference DRN-4772033,9 May 2024,Amtrust Europe Limited,Not upheld,,Insurance
DRN-4771344,decision/DRN-4771344.pdf,Decision Reference DRN-4771344,9 May 2024,Royal & Sun Alliance Insurance Limited,Not upheld,,Insurance
DRN-4788343,decision/DRN-4788343.pdf,Decision Reference DRN-4788343,9 May 2024,British Gas Insurance Limited,Upheld,,Insurance
DRN-4785514,decision/DRN-4785514.pdf,Decision Reference DRN-4785514,9 May 2024,U K Insurance Limited,Not upheld,,Insurance
DRN-4788247,decision/DRN-4788247.pdf,Decision Reference DRN-4788247,9 May 2024,Haven Insurance Company Limited,Upheld,,Insurance
DRN-4424830,decision/DRN-4424830.pdf,Decision Reference DRN-4424830,9 May 2024,Accredited Insurance (Europe) Ltd,Not upheld,,Insurance
DRN-4687197,decision/DRN-4687197.pdf,Decision Reference DRN-4687197,9 May 2024,West Bay Insurance Plc,Upheld,,Insurance
DRN-4760958,decision/DRN-4760958.pdf,Decision Reference DRN-4760958,9 May 2024,Covea Insurance plc,Not upheld,,Insurance
DRN-4709513,decision/DRN-4709513.pdf,Decision Reference DRN-4709513,9 May 2024,Royal & Sun Alliance Insurance Limited,Not upheld,,Insurance
DRN-4743607,decision/DRN-4743607.pdf,Decision Reference DRN-4743607,9 May 2024,U K Insurance Limited,Upheld,,Insurance
DRN-4748079,decision/DRN-4748079.pdf,Decision Reference DRN-4748079,9 May 2024,Medicash Health Benefits Limited,Not upheld,,Insurance
DRN-4770835,decision/DRN-4770835.pdf,Decision Reference DRN-4770835,9 May 2024,AWP P&C S.A.,Upheld,,Insurance
DRN-4694864,decision/DRN-4694864.pdf,Decision Reference DRN-4694864,9 May 2024,Advisory Insurance Brokers Limited,Not upheld,,Insurance
DRN-4569686,decision/DRN-4569686.pdf,Decision Reference DRN-4569686,9 May 2024,HDI Global Specialty SE,Upheld,,Insurance
DRN-4697073,decision/DRN-4697073.pdf,Decision Reference DRN-4697073,8 May 2024,AXA Insurance UK Plc,Not upheld,,Insurance
DRN-4767247,decision/DRN-4767247.pdf,Decision Reference DRN-4767247,8 May 2024,Accredited Insurance (Europe) Ltd,Upheld,,Insurance
DRN-4696345,decision/DRN-4696345.pdf,Decision Reference DRN-4696345,8 May 2024,AXA PPP Healthcare Limited,Not upheld,,Insurance
DRN-4750478,decision/DRN-4750478.pdf,Decision Reference DRN-4750478,8 May 2024,Fairmead Insurance Limited,Not upheld,,Insurance
DRN-4711011,decision/DRN-4711011.pdf,Decision Reference DRN-4711011,8 May 2024,Premier Underwriting Ltd,Upheld,,Insurance
DRN-4464421,decision/DRN-4464421.pdf,Decision Reference DRN-4464421,8 May 2024,U K Insurance Limited,Upheld,,Insurance
DRN-4724366,decision/DRN-4724366.pdf,Decision Reference DRN-4724366,8 May 2024,Accelerant Insurance Europe SA/NV UK Branch,Not upheld,,Insurance
DRN-4732979,decision/DRN-4732979.pdf,Decision Reference DRN-4732979,8 May 2024,Accredited Insurance (Europe) Ltd,Upheld,,Insurance
DRN-4777025,decision/DRN-4777025.pdf,Decision Reference DRN-4777025,8 May 2024,Great Lakes Insurance SE,Upheld,,Insurance
DRN-4779935,decision/DRN-4779935.pdf,Decision Reference DRN-4779935,8 May 2024,U K Insurance Limited,Upheld,,Insurance
DRN-4753032,decision/DRN-4753032.pdf,Decision Reference DRN-4753032,8 May 2024,Advantage Insurance Company Limited,Not upheld,,Insurance
DRN-4711121,decision/DRN-4711121.pdf,Decision Reference DRN-4711121,8 May 2024,Aviva Insurance Limited,Not upheld,,Insurance
DRN-4768764,decision/DRN-4768764.pdf,Decision Reference DRN-4768764,8 May 2024,Pinnacle Insurance Plc,Not upheld,,Insurance
DRN-4786455,decision/DRN-4786455.pdf,Decision Reference DRN-4786455,8 May 2024,Cowen Insurance Company Limited,Upheld,,Insurance
DRN-4751247,decision/DRN-4751247.pdf,Decision Reference DRN-4751247,8 May 2024,Scottish Friendly Assurance Society Limited,Not upheld,,Insurance
DRN-4766180,decision/DRN-4766180.pdf,Decision Reference DRN-4766180,8 May 2024,Inter Partner Assistance SA,Upheld,,Insurance
DRN-4716340,decision/DRN-4716340.pdf,Decision Reference DRN-4716340,8 May 2024,Got You Covered Limited,Not upheld,,Insurance
DRN-4785810,decision/DRN-4785810.pdf,Decision Reference DRN-4785810,8 May 2024,West Bay Insurance Plc,Upheld,,Insurance
DRN-4748726,decision/DRN-4748726.pdf,Decision Reference DRN-4748726,8 May 2024,U K Insurance Limited,Not upheld,,Insurance
DRN-4685577,decision/DRN-4685577.pdf,Decision Reference DRN-4685577,8 May 2024,Accredited Insurance (Europe) Ltd,Not upheld,,Insurance
DRN-4755163,decision/DRN-4755163.pdf,Decision Reference DRN-4755163,8 May 2024,Helvetia Global Solutions Ltd,Upheld,,Insurance
DRN-4572157,decision/DRN-4572157.pdf,Decision Reference DRN-4572157,8 May 2024,Hiscox Insurance Company Limited,Not upheld,,Insurance
DRN-4661285,decision/DRN-4661285.pdf,Decision Reference DRN-4661285,8 May 2024,Amtrust Europe Limited,Not upheld,,Insurance
DRN-4732288,decision/DRN-4732288.pdf,Decision Reference DRN-4732288,8 May 2024,Allianz Insurance Plc,Not upheld,,Insurance
DRN-4615102,decision/DRN-4615102.pdf,Decision Reference DRN-4615102,8 May 2024,esure Insurance Limited,Not upheld,,Insurance
DRN-4740644,decision/DRN-4740644.pdf,Decision Reference DRN-4740644,8 May 2024,Aviva Insurance Limited,Not upheld,,Insurance
DRN-4784953,decision/DRN-4784953.pdf,Decision Reference DRN-4784953,8 May 2024,Casualty & General Insurance Company (Europe) Ltd,Upheld,,Insurance
DRN-4664117,decision/DRN-4664117.pdf,Decision Reference DRN-4664117,8 May 2024,Acromas Insurance Company Limited,Not upheld,,Insurance
DRN-4784866,decision/DRN-4784866.pdf,Decision Reference DRN-4784866,8 May 2024,Advantage Insurance Company Limited,Not upheld,,Insurance
DRN-4626423,decision/DRN-4626423.pdf,Decision Reference DRN-4626423,8 May 2024,Admiral Insurance (Gibraltar) Limited,Upheld,,Insurance
DRN-4784671,decision/DRN-4784671.pdf,Decision Reference DRN-4784671,8 May 2024,U K Insurance Limited,Upheld,,Insurance
DRN-4716962,decision/DRN-4716962.pdf,Decision Reference DRN-4716962,8 May 2024,Admiral Insurance (Gibraltar) Limited,Upheld,,Insurance
DRN-4770733,decision/DRN-4770733.pdf,Decision Reference DRN-4770733,7 May 2024,U K Insurance Limited,Not upheld,,Insurance
DRN-4755189,decision/DRN-4755189.pdf,Decision Reference DRN-4755189,7 May 2024,Watches of Switzerland Company Limited,Not upheld,,Insurance
DRN-4569623,decision/DRN-4569623.pdf,Decision Reference DRN-4569623,7 May 2024,Atlanta Insurance Intermediaries Limited,Not upheld,,Insurance
DRN-4760723,decision/DRN-4760723.pdf,Decision Reference DRN-4760723,7 May 2024,Amtrust Europe Limited,Not upheld,,Insurance
DRN-4760590,decision/DRN-4760590.pdf,Decision Reference DRN-4760590,7 May 2024,Advantage Insurance Company Limited,Upheld,,Insurance
DRN-4763083,decision/DRN-4763083.pdf,Decision Reference DRN-4763083,7 May 2024,Advantage Insurance Company Limited,Upheld,,Insurance
DRN-4761748,decision/DRN-4761748.pdf,Decision Reference DRN-4761748,7 May 2024,AWP P&C S.A.,Not upheld,,Insurance
DRN-4677736,decision/DRN-4677736.pdf,Decision Reference DRN-4677736,7 May 2024,AA Underwriting Insurance Company Limited,Upheld,,Insurance
DRN-4658829,decision/DRN-4658829.pdf,Decision Reference DRN-4658829,7 May 2024,The National Farmers' Union Mutual Insurance Society Limited,Not upheld,,Insurance
DRN-4766843,decision/DRN-4766843.pdf,Decision Reference DRN-4766843,7 May 2024,DAS Legal Expenses Insurance Company Limited,Not upheld,,Insurance
DRN-4783623,decision/DRN-4783623.pdf,Decision Reference DRN-4783623,7 May 2024,Domestic & General Insurance Plc,Not upheld,,Insurance
DRN-4761424,decision/DRN-4761424.pdf,Decision Reference DRN-4761424,7 May 2024,Accredited Insurance (Europe) Ltd,Upheld,,Insurance
DRN-4728088,decision/DRN-4728088.pdf,Decision Reference DRN-4728088,7 May 2024,Casualty & General Insurance Company (Europe) Ltd,Upheld,,Insurance
DRN-4782943,decision/DRN-4782943.pdf,Decision Reference DRN-4782943,7 May 2024,AA Underwriting Insurance Company Limited,Upheld,,Insurance
DRN-4660064,decision/DRN-4660064.pdf,Decision Reference DRN-4660064,7 May 2024,Ageas Insurance Limited,Upheld,,Insurance
DRN-4782374,decision/DRN-4782374.pdf,Decision Reference DRN-4782374,7 May 2024,MS Amlin Insurance SE,Not upheld,,Insurance
DRN-4782303,decision/DRN-4782303.pdf,Decision Reference DRN-4782303,7 May 2024,Domestic & General Insurance Plc,Upheld,,Insurance
DRN-4782233,decision/DRN-4782233.pdf,Decision Reference DRN-4782233,7 May 2024,Pinnacle Insurance Plc,Not upheld,,Insurance
DRN-4739780,decision/DRN-4739780.pdf,Decision Reference DRN-4739780,6 May 2024,AXA Insurance UK Plc,Upheld,,Insurance
DRN-4704513,decision/DRN-4704513.pdf,Decision Reference DRN-4704513,6 May 2024,Post Office Management Services Limited,Not upheld,,Insurance
DRN-4705855,decision/DRN-4705855.pdf,Decision Reference DRN-4705855,6 May 2024,Ageas Insurance Limited,Upheld,,Insurance
DRN-4708253,decision/DRN-4708253.pdf,Decision Reference DRN-4708253,4 May 2024,Advantage Insurance Company Limited,Upheld,,Insurance
DRN-4781242,decision/DRN-4781242.pdf,Decision Reference DRN-4781242,3 May 2024,Aviva Insurance Limited,Upheld,,Insurance
DRN-4618655,decision/DRN-4618655.pdf,Decision Reference DRN-4618655,3 May 2024,Royal & Sun Alliance Insurance Limited,Upheld,,Insurance
DRN-4669152,decision/DRN-4669152.pdf,Decision Reference DRN-4669152,3 May 2024,Accelerant Insurance Europe SA/NV UK Branch,Upheld,,Insurance
DRN-4668602,decision/DRN-4668602.pdf,Decision Reference DRN-4668602,3 May 2024,Personal Touch Financial Services Ltd,Not upheld,,Insurance
DRN-4732685,decision/DRN-4732685.pdf,Decision Reference DRN-4732685,3 May 2024,Admiral Insurance (Gibraltar) Limited,Upheld,,Insurance
DRN-4409842,decision/DRN-4409842.pdf,Decision Reference DRN-4409842,3 May 2024,Lloyds Bank General Insurance Limited,Not upheld,,Insurance
DRN-4727314,decision/DRN-4727314.pdf,Decision Reference DRN-4727314,3 May 2024,British Gas Insurance Limited,Upheld,,Insurance
DRN-4762565,decision/DRN-4762565.pdf,Decision Reference DRN-4762565,3 May 2024,The National Farmers' Union Mutual Insurance Society Limited,Upheld,,Insurance
DRN-4730287,decision/DRN-4730287.pdf,Decision Reference DRN-4730287,3 May 2024,Advantage Insurance Company Limited,Not upheld,,Insurance
DRN-4743838,decision/DRN-4743838.pdf,Decision Reference DRN-4743838,3 May 2024,AWP P&C S.A.,Not upheld,,Insurance
DRN-4698610,decision/DRN-4698610.pdf,Decision Reference DRN-4698610,3 May 2024,AWP P&C S.A.,Not upheld,,Insurance
DRN-4534873,decision/DRN-4534873.pdf,Decision Reference DRN-4534873,3 May 2024,West Bay Insurance Plc,Upheld,,Insurance
DRN-4727468,decision/DRN-4727468.pdf,Decision Reference DRN-4727468,3 May 2024,Inter Partner Assistance SA,Upheld,,Insurance
DRN-4704276,decision/DRN-4704276.pdf,Decision Reference DRN-4704276,3 May 2024,Inter Partner Assistance SA,Not upheld,,Insurance
DRN-4657289,decision/DRN-4657289.pdf,Decision Reference DRN-4657289,3 May 2024,West Bay Insurance Plc,Not upheld,,Insurance
DRN-4745944,decision/DRN-4745944.pdf,Decision Reference DRN-4745944,3 May 2024,Inter Partner Assistance SA,Not upheld,,Insurance
DRN-4730561,decision/DRN-4730561.pdf,Decision Reference DRN-4730561,3 May 2024,AXA Health Limited,Not upheld,,Insurance
DRN-4766828,decision/DRN-4766828.pdf,Decision Reference DRN-4766828,3 May 2024,QIC Europe Ltd,Not upheld,,Insurance
DRN-4703383,decision/DRN-4703383.pdf,Decision Reference DRN-4703383,3 May 2024,Aviva Insurance Limited,Upheld,,Insurance
DRN-4695321,decision/DRN-4695321.pdf,Decision Reference DRN-4695321,3 May 2024,AXA Insurance UK Plc,Upheld,,Insurance
DRN-4763525,decision/DRN-4763525.pdf,Decision Reference DRN-4763525,3 May 2024,Aviva Insurance Limited,Upheld,,Insurance
DRN-4719061,decision/DRN-4719061.pdf,Decision Reference DRN-4719061,3 May 2024,HDI Global Specialty SE,Not upheld,,Insurance
DRN-4768954,decision/DRN-4768954.pdf,Decision Reference DRN-4768954,3 May 2024,Accelerant Insurance Europe SA/NV UK Branch,Upheld,,Insurance
DRN-4734535,decision/DRN-4734535.pdf,Decision Reference DRN-4734535,3 May 2024,Accredited Insurance (Europe) Ltd,Not upheld,,Insurance
DRN-4760526,decision/DRN-4760526.pdf,Decision Reference DRN-4760526,3 May 2024,Red Sands Insurance Company (Europe) Limited,Upheld,,Insurance
DRN-4722827,decision/DRN-4722827.pdf,Decision Reference DRN-4722827,2 May 2024,Liverpool Victoria Life Company Limited,Not upheld,,Insurance
DRN-4703468,decision/DRN-4703468.pdf,Decision Reference DRN-4703468,2 May 2024,Wakam,Upheld,,Insurance
DRN-4743830,decision/DRN-4743830.pdf,Decision Reference DRN-4743830,2 May 2024,Aviva Insurance Limited,Upheld,,Insurance
DRN-4724830,decision/DRN-4724830.pdf,Decision Reference DRN-4724830,2 May 2024,Marshmallow Insurance Limited,Not upheld,,Insurance
DRN-4685428,decision/DRN-4685428.pdf,Decision Reference DRN-4685428,2 May 2024,esure Insurance Limited,Upheld,,Insurance
DRN-4776879,decision/DRN-4776879.pdf,Decision Reference DRN-4776879,2 May 2024,Royal & Sun Alliance Insurance Limited,Not upheld,,Insurance
DRN-4751101,decision/DRN-4751101.pdf,Decision Reference DRN-4751101,2 May 2024,esure Insurance Limited,Upheld,,Insurance
DRN-4770255,decision/DRN-4770255.pdf,Decision Reference DRN-4770255,2 May 2024,Aviva Insurance Limited,Upheld,,Insurance
DRN-4715662,decision/DRN-4715662.pdf,Decision Reference DRN-4715662,2 May 2024,DAS Legal Expenses Insurance Company Limited,Not upheld,,Insurance
DRN-4777712,decision/DRN-4777712.pdf,Decision Reference DRN-4777712,2 May 2024,Accredited Insurance (Europe) Ltd,Upheld,,Insurance
DRN-4667393,decision/DRN-4667393.pdf,Decision Reference DRN-4667393,2 May 2024,Inter Partner Assistance SA,Not upheld,,Insurance
DRN-4728148,decision/DRN-4728148.pdf,Decision Reference DRN-4728148,2 May 2024,Aviva Insurance Limited,Not upheld,,Insurance
DRN-4775950,decision/DRN-4775950.pdf,Decision Reference DRN-4775950,2 May 2024,Aviva Life & Pensions UK Limited,Not upheld,,Insurance
DRN-4752975,decision/DRN-4752975.pdf,Decision Reference DRN-4752975,2 May 2024,Brightside Insurance Services Limited,Upheld,,Insurance
DRN-4767271,decision/DRN-4767271.pdf,Decision Reference DRN-4767271,2 May 2024,Stonebridge International Insurance Ltd,Not upheld,,Insurance
DRN-4757501,decision/DRN-4757501.pdf,Decision Reference DRN-4757501,2 May 2024,Liverpool Victoria Insurance Company Limited,Not upheld,,Insurance
DRN-4769004,decision/DRN-4769004.pdf,Decision Reference DRN-4769004,2 May 2024,Advantage Insurance Company Limited,Upheld,,Insurance
DRN-4765394,decision/DRN-4765394.pdf,Decision Reference DRN-4765394,2 May 2024,West Bay Insurance Plc,Not upheld,,Insurance
DRN-4768936,decision/DRN-4768936.pdf,Decision Reference DRN-4768936,2 May 2024,Advantage Insurance Company Limited,Upheld,,Insurance
DRN-4777202,decision/DRN-4777202.pdf,Decision Reference DRN-4777202,2 May 2024,Acromas Insurance Company Limited,Upheld,,Insurance
DRN-4777311,decision/DRN-4777311.pdf,Decision Reference DRN-4777311,2 May 2024,Advantage Insurance Company Limited,Upheld,,Insurance
DRN-4738679,decision/DRN-4738679.pdf,Decision Reference DRN-4738679,2 May 2024,One Insurance Limited,Not upheld,,Insurance
DRN-4677936,decision/DRN-4677936.pdf,Decision Reference DRN-4677936,2 May 2024,Tesco Underwriting Limited,Not upheld,,Insurance
DRN-4646071,decision/DRN-4646071.pdf,Decision Reference DRN-4646071,2 May 2024,CIGNA Life Insurance Company of Europe SA-NV,Upheld,,Insurance
DRN-4776997,decision/DRN-4776997.pdf,Decision Reference DRN-4776997,2 May 2024,Great Lakes Insurance SE,Upheld,,Insurance
DRN-4672486,decision/DRN-4672486.pdf,Decision Reference DRN-4672486,1 May 2024,Amtrust Europe Limited,Not upheld,,Insurance
DRN-4750527,decision/DRN-4750527.pdf,Decision Reference DRN-4750527,1 May 2024,Admiral Insurance (Gibraltar) Limited,Not upheld,,Insurance
DRN-4737479,decision/DRN-4737479.pdf,Decision Reference DRN-4737479,1 May 2024,Vitality Health Limited,Not upheld,,Insurance
DRN-4763960,decision/DRN-4763960.pdf,Decision Reference DRN-4763960,1 May 2024,Albany Park Limited,Not upheld,,Insurance
DRN-4739461,decision/DRN-4739461.pdf,Decision Reference DRN-4739461,1 May 2024,Zurich Insurance PLC,Upheld,,Insurance
DRN-4771184,decision/DRN-4771184.pdf,Decision Reference DRN-4771184,1 May 2024,Group 1 Automotive UK Limited,Upheld,,Insurance
DRN-4721670,decision/DRN-4721670.pdf,Decision Reference DRN-4721670,1 May 2024,Unum Ltd,Not upheld,,Insurance
DRN-4776298,decision/DRN-4776298.pdf,Decision Reference DRN-4776298,1 May 2024,esure Insurance Limited,Upheld,,Insurance
DRN-4742770,decision/DRN-4742770.pdf,Decision Reference DRN-4742770,1 May 2024,U K Insurance Limited,Not upheld,,Insurance
DRN-4755428,decision/DRN-4755428.pdf,Decision Reference DRN-4755428,1 May 2024,Covea Insurance plc,Upheld,,Insurance
DRN-4751053,decision/DRN-4751053.pdf,Decision Reference DRN-4751053,1 May 2024,AXA Insurance UK Plc,Upheld,,Insurance
DRN-4737892,decision/DRN-4737892.pdf,Decision Reference DRN-4737892,1 May 2024,Royal & Sun Alliance Insurance Limited,Upheld,,Insurance
DRN-4776064,decision/DRN-4776064.pdf,Decision Reference DRN-4776064,1 May 2024,Aviva Insurance Limited,Not upheld,,Insurance
DRN-4725770,decision/DRN-4725770.pdf,Decision Reference DRN-4725770,1 May 2024,HCC International Insurance Company Plc,Upheld,,Insurance
DRN-4623667,decision/DRN-4623667.pdf,Decision Reference DRN-4623667,1 May 2024,Lloyds Bank General Insurance Limited,Not upheld,,Insurance
DRN-4775986,decision/DRN-4775986.pdf,Decision Reference DRN-4775986,1 May 2024,Royal & Sun Alliance Insurance Limited,Upheld,,Insurance
DRN-4775982,decision/DRN-4775982.pdf,Decision Reference DRN-4775982,1 May 2024,Collingwood Insurance Company Ltd,Not upheld,,Insurance
DRN-4775916,decision/DRN-4775916.pdf,Decision Reference DRN-4775916,1 May 2024,West Bay Insurance Plc,Upheld,,Insurance
DRN-4736948,decision/DRN-4736948.pdf,Decision Reference DRN-4736948,1 May 2024,Neilson Financial Services Limited,Not upheld,,Insurance
DRN-4775603,decision/DRN-4775603.pdf,Decision Reference DRN-4775603,1 May 2024,esure Insurance Limited,Not upheld,,Insurance
DRN-4773344,decision/DRN-4773344.pdf,Decision Reference DRN-4773344,1 May 2024,Fortegra Europe Insurance Company Ltd,Not upheld,,Insurance
DRN-4729081,decision/DRN-4729081.pdf,Decision Reference DRN-4729081,1 May 2024,Aviva Insurance Limited,Not upheld,,Insurance
DRN-4753323,decision/DRN-4753323.pdf,Decision Reference DRN-4753323,1 May 2024,AXA Insurance UK Plc,Upheld,,Insurance
DRN-4742637,decision/DRN-4742637.pdf,Decision Reference DRN-4742637,1 May 2024,One Insurance Limited,Not upheld,,Insurance
DRN-4746761,decision/DRN-4746761.pdf,Decision Reference DRN-4746761,1 May 2024,Accredited Insurance (Europe) Ltd,Upheld,,Insurance
DRN-4728783,decision/DRN-4728783.pdf,Decision Reference DRN-4728783,1 May 2024,West Bay Insurance Plc,Upheld,,Insurance
DRN-4739776,decision/DRN-4739776.pdf,Decision Reference DRN-4739776,1 May 2024,Advantage Insurance Company Limited,Not upheld,,Insurance
DRN-4742359,decision/DRN-4742359.pdf,Decision Reference DRN-4742359,1 May 2024,Amtrust Europe Limited,Upheld,,Insurance
DRN-4775132,decision/DRN-4775132.pdf,Decision Reference DRN-4775132,1 May 2024,One Insurance Limited,Not upheld,,Insurance
DRN-4685678,decision/DRN-4685678.pdf,Decision Reference DRN-4685678,1 May 2024,AWP P&C S.A.,Not upheld,,Insurance
DRN-4718821,decision/DRN-4718821.pdf,Decision Reference DRN-4718821,1 May 2024,Saga Services Limited,Not upheld,,Insurance
DRN-4746280,decision/DRN-4746280.pdf,Decision Reference DRN-4746280,1 May 2024,Accredited Insurance (Europe) Ltd,Not upheld,,Insurance
DRN-4707248,decision/DRN-4707248.pdf,Decision Reference DRN-4707248,1 May 2024,Astrenska Insurance Limited,Not upheld,,Insurance
DRN-4746316,decision/DRN-4746316.pdf,Decision Reference DRN-4746316,1 May 2024,West Bay Insurance Plc,Not upheld,,Insurance
DRN-4763434,decision/DRN-4763434.pdf,Decision Reference DRN-4763434,1 May 2024,Cowen Insurance Company Limited,Not upheld,,Insurance
DRN-4687396,decision/DRN-4687396.pdf,Decision Reference DRN-4687396,1 May 2024,Accredited Insurance (Europe) Ltd,Upheld,,Insurance
DRN-4755338,decision/DRN-4755338.pdf,Decision Reference DRN-4755338,1 May 2024,Wakam,Upheld,,Insurance
DRN-4727578,decision/DRN-4727578.pdf,Decision Reference DRN-4727578,1 May 2024,esure Insurance Limited,Not upheld,,Insurance
DRN-4692383,decision/DRN-4692383.pdf,Decision Reference DRN-4692383,1 May 2024,One Call Insurance Services Limited,Not upheld,,Insurance
DRN-4716407,decision/DRN-4716407.pdf,Decision Reference DRN-4716407,1 May 2024,Accredited Insurance (Europe) Ltd,Upheld,,Insurance
DRN-4729431,decision/DRN-4729431.pdf,Decision Reference DRN-4729431,1 May 2024,DAS Legal Expenses Insurance Company Limited,Not upheld,,Insurance
DRN-4700825,decision/DRN-4700825.pdf,Decision Reference DRN-4700825,1 May 2024,U K Insurance Limited,Not upheld,,Insurance
DRN-4686664,decision/DRN-4686664.pdf,Decision Reference DRN-4686664,1 May 2024,Liverpool Victoria Insurance Company Limited,Upheld,,Insurance
